variant,n,alpha,EGME,Dehmer,DegreeEntropy
K20_one_buyer,20,0.5,3.7725895038969277,4.314749870418975,-0.0
K20_balanced_buyers,20,0.5,4.321928094887363,4.321928094887363,-0.0
